agent_id,agent_name,behavior_bias,provisioned_at,governance_status,human_owner
AID-00001,Customer Support-884,customer_support,2026-02-21 00:00:00,Active,owner-0@acmecorp.com
AID-00002,Data Pipeline-235,data_pipeline,2026-03-02 00:00:00,Active,owner-1@acmecorp.com
AID-00003,Data Pipeline-728,data_pipeline,2026-02-05 00:00:00,Active,owner-2@acmecorp.com
AID-00004,Customer Support-481,customer_support,2026-02-03 00:00:00,Active,owner-3@acmecorp.com
AID-00005,Financial Analysis-867,financial_analysis,2026-03-11 00:00:00,Active,owner-4@acmecorp.com
AID-00006,Compliance Audit-860,compliance_audit,2026-03-13 00:00:00,Active,owner-5@acmecorp.com
AID-00007,Trading Strategy-909,trading_strategy,2026-02-15 00:00:00,Active,owner-6@acmecorp.com
AID-00008,Compliance Audit-200,compliance_audit,2026-02-11 00:00:00,Active,owner-7@acmecorp.com
AID-00009,Data Pipeline-342,data_pipeline,2026-02-17 00:00:00,Active,owner-8@acmecorp.com
AID-00010,Trading Strategy-456,trading_strategy,2026-02-07 00:00:00,Active,owner-9@acmecorp.com
AID-00011,Code Generation-470,code_generation,2026-02-23 00:00:00,Active,owner-10@acmecorp.com
AID-00012,Data Pipeline-849,data_pipeline,2026-03-18 00:00:00,Active,owner-11@acmecorp.com
AID-00013,Trading Strategy-754,trading_strategy,2026-03-14 00:00:00,Active,owner-12@acmecorp.com
AID-00014,Code Generation-937,code_generation,2026-02-22 00:00:00,Active,owner-13@acmecorp.com
AID-00015,Data Pipeline-889,data_pipeline,2026-03-05 00:00:00,Active,owner-14@acmecorp.com
AID-00016,Data Pipeline-260,data_pipeline,2026-02-16 00:00:00,Active,owner-15@acmecorp.com
AID-00017,Customer Support-124,customer_support,2026-02-08 00:00:00,Active,owner-16@acmecorp.com
AID-00018,Financial Analysis-465,financial_analysis,2026-02-02 00:00:00,Active,owner-17@acmecorp.com
AID-00019,Customer Support-640,customer_support,2026-03-17 00:00:00,Active,owner-18@acmecorp.com
AID-00020,Customer Support-952,customer_support,2026-03-10 00:00:00,Active,owner-19@acmecorp.com
AID-00021,Compliance Audit-123,compliance_audit,2026-02-24 00:00:00,Active,owner-0@acmecorp.com
AID-00022,Market Research-164,market_research,2026-02-20 00:00:00,Active,owner-1@acmecorp.com
AID-00023,Customer Support-467,customer_support,2026-02-25 00:00:00,Active,owner-2@acmecorp.com
AID-00024,Market Research-441,market_research,2026-03-05 00:00:00,Active,owner-3@acmecorp.com
AID-00025,Market Research-505,market_research,2026-03-09 00:00:00,Active,owner-4@acmecorp.com
AID-00026,Data Pipeline-103,data_pipeline,2026-02-06 00:00:00,Active,owner-5@acmecorp.com
AID-00027,Trading Strategy-985,trading_strategy,2026-03-15 00:00:00,Active,owner-6@acmecorp.com
AID-00028,Financial Analysis-235,financial_analysis,2026-02-12 00:00:00,Active,owner-7@acmecorp.com
AID-00029,Code Generation-137,code_generation,2026-02-14 00:00:00,Active,owner-8@acmecorp.com
AID-00030,Hr Onboarding-629,hr_onboarding,2026-03-08 00:00:00,Active,owner-9@acmecorp.com
AID-00031,Compliance Audit-569,compliance_audit,2026-02-20 00:00:00,Active,owner-10@acmecorp.com
AID-00032,Trading Strategy-179,trading_strategy,2026-02-04 00:00:00,Active,owner-11@acmecorp.com
AID-00033,Data Pipeline-699,data_pipeline,2026-03-09 00:00:00,Active,owner-12@acmecorp.com
AID-00034,Compliance Audit-533,compliance_audit,2026-03-09 00:00:00,Active,owner-13@acmecorp.com
AID-00035,Code Generation-135,code_generation,2026-02-14 00:00:00,Active,owner-14@acmecorp.com
AID-00036,Data Pipeline-626,data_pipeline,2026-02-15 00:00:00,Active,owner-15@acmecorp.com
AID-00037,Customer Support-166,customer_support,2026-02-08 00:00:00,Active,owner-16@acmecorp.com
AID-00038,Financial Analysis-494,financial_analysis,2026-03-06 00:00:00,Active,owner-17@acmecorp.com
AID-00039,Data Pipeline-116,data_pipeline,2026-03-04 00:00:00,Active,owner-18@acmecorp.com
AID-00040,Data Pipeline-347,data_pipeline,2026-02-03 00:00:00,Active,owner-19@acmecorp.com
AID-00041,Customer Support-842,customer_support,2026-02-27 00:00:00,Active,owner-0@acmecorp.com
AID-00042,Customer Support-197,customer_support,2026-02-21 00:00:00,Active,owner-1@acmecorp.com
AID-00043,Market Research-283,market_research,2026-03-08 00:00:00,Active,owner-2@acmecorp.com
AID-00044,Compliance Audit-853,compliance_audit,2026-02-11 00:00:00,Active,owner-3@acmecorp.com
AID-00045,Data Pipeline-601,data_pipeline,2026-02-16 00:00:00,Active,owner-4@acmecorp.com
AID-00046,Financial Analysis-438,financial_analysis,2026-03-01 00:00:00,Active,owner-5@acmecorp.com
AID-00047,Customer Support-137,customer_support,2026-03-07 00:00:00,Active,owner-6@acmecorp.com
AID-00048,Market Research-765,market_research,2026-03-02 00:00:00,Active,owner-7@acmecorp.com
AID-00049,Customer Support-361,customer_support,2026-02-15 00:00:00,Active,owner-8@acmecorp.com
AID-00050,Market Research-482,market_research,2026-02-13 00:00:00,Active,owner-9@acmecorp.com
AID-00051,Data Pipeline-871,data_pipeline,2026-02-15 00:00:00,Active,owner-10@acmecorp.com
AID-00052,Data Pipeline-662,data_pipeline,2026-02-06 00:00:00,Active,owner-11@acmecorp.com
AID-00053,Customer Support-372,customer_support,2026-02-19 00:00:00,Active,owner-12@acmecorp.com
AID-00054,Customer Support-920,customer_support,2026-03-12 00:00:00,Active,owner-13@acmecorp.com
AID-00055,Data Pipeline-934,data_pipeline,2026-02-11 00:00:00,Active,owner-14@acmecorp.com
AID-00056,Data Pipeline-860,data_pipeline,2026-03-14 00:00:00,Active,owner-15@acmecorp.com
AID-00057,Financial Analysis-212,financial_analysis,2026-03-17 00:00:00,Active,owner-16@acmecorp.com
AID-00058,Trading Strategy-858,trading_strategy,2026-02-19 00:00:00,Active,owner-17@acmecorp.com
AID-00059,Compliance Audit-801,compliance_audit,2026-02-27 00:00:00,Active,owner-18@acmecorp.com
AID-00060,Market Research-469,market_research,2026-03-03 00:00:00,Active,owner-19@acmecorp.com
AID-00061,Compliance Audit-604,compliance_audit,2026-02-10 00:00:00,Active,owner-0@acmecorp.com
AID-00062,Data Pipeline-612,data_pipeline,2026-03-13 00:00:00,Active,owner-1@acmecorp.com
AID-00063,Financial Analysis-560,financial_analysis,2026-02-02 00:00:00,Active,owner-2@acmecorp.com
AID-00064,Compliance Audit-594,compliance_audit,2026-02-06 00:00:00,Active,owner-3@acmecorp.com
AID-00065,Market Research-189,market_research,2026-03-16 00:00:00,Active,owner-4@acmecorp.com
AID-00066,Data Pipeline-163,data_pipeline,2026-02-12 00:00:00,Active,owner-5@acmecorp.com
AID-00067,Data Pipeline-969,data_pipeline,2026-03-01 00:00:00,Active,owner-6@acmecorp.com
AID-00068,Code Generation-247,code_generation,2026-02-15 00:00:00,Active,owner-7@acmecorp.com
AID-00069,Financial Analysis-183,financial_analysis,2026-02-15 00:00:00,Active,owner-8@acmecorp.com
AID-00070,Data Pipeline-160,data_pipeline,2026-03-02 00:00:00,Active,owner-9@acmecorp.com
AID-00071,Financial Analysis-226,financial_analysis,2026-03-14 00:00:00,Active,owner-10@acmecorp.com
AID-00072,Market Research-246,market_research,2026-02-01 00:00:00,Active,owner-11@acmecorp.com
AID-00073,Financial Analysis-839,financial_analysis,2026-03-10 00:00:00,Active,owner-12@acmecorp.com
AID-00074,Code Generation-293,code_generation,2026-03-06 00:00:00,Active,owner-13@acmecorp.com
AID-00075,Financial Analysis-591,financial_analysis,2026-02-25 00:00:00,Active,owner-14@acmecorp.com
AID-00076,Market Research-251,market_research,2026-02-11 00:00:00,Active,owner-15@acmecorp.com
AID-00077,Financial Analysis-274,financial_analysis,2026-02-11 00:00:00,Active,owner-16@acmecorp.com
AID-00078,Market Research-657,market_research,2026-03-06 00:00:00,Active,owner-17@acmecorp.com
AID-00079,Market Research-156,market_research,2026-02-11 00:00:00,Active,owner-18@acmecorp.com
AID-00080,Financial Analysis-418,financial_analysis,2026-03-03 00:00:00,Active,owner-19@acmecorp.com
AID-00081,Trading Strategy-764,trading_strategy,2026-03-06 00:00:00,Active,owner-0@acmecorp.com
AID-00082,Data Pipeline-472,data_pipeline,2026-02-05 00:00:00,Active,owner-1@acmecorp.com
AID-00083,Data Pipeline-455,data_pipeline,2026-02-25 00:00:00,Active,owner-2@acmecorp.com
AID-00084,Data Pipeline-739,data_pipeline,2026-02-13 00:00:00,Active,owner-3@acmecorp.com
AID-00085,Trading Strategy-870,trading_strategy,2026-02-07 00:00:00,Active,owner-4@acmecorp.com
AID-00086,Customer Support-846,customer_support,2026-03-05 00:00:00,Active,owner-5@acmecorp.com
AID-00087,Compliance Audit-285,compliance_audit,2026-03-04 00:00:00,Active,owner-6@acmecorp.com
AID-00088,Hr Onboarding-816,hr_onboarding,2026-02-21 00:00:00,Active,owner-7@acmecorp.com
AID-00089,Customer Support-351,customer_support,2026-03-02 00:00:00,Active,owner-8@acmecorp.com
AID-00090,Financial Analysis-726,financial_analysis,2026-03-01 00:00:00,Active,owner-9@acmecorp.com
AID-00091,Financial Analysis-320,financial_analysis,2026-02-09 00:00:00,Active,owner-10@acmecorp.com
AID-00092,Customer Support-157,customer_support,2026-02-18 00:00:00,Active,owner-11@acmecorp.com
AID-00093,Customer Support-586,customer_support,2026-02-15 00:00:00,Active,owner-12@acmecorp.com
AID-00094,Code Generation-913,code_generation,2026-02-18 00:00:00,Active,owner-13@acmecorp.com
AID-00095,Code Generation-886,code_generation,2026-02-01 00:00:00,Active,owner-14@acmecorp.com
AID-00096,Market Research-345,market_research,2026-03-09 00:00:00,Active,owner-15@acmecorp.com
AID-00097,Financial Analysis-951,financial_analysis,2026-02-16 00:00:00,Active,owner-16@acmecorp.com
AID-00098,Financial Analysis-731,financial_analysis,2026-02-01 00:00:00,Active,owner-17@acmecorp.com
AID-00099,Customer Support-804,customer_support,2026-02-22 00:00:00,Active,owner-18@acmecorp.com
AID-00100,Market Research-754,market_research,2026-03-17 00:00:00,Active,owner-19@acmecorp.com
AID-00101,Compliance Audit-247,compliance_audit,2026-02-24 00:00:00,Active,owner-0@acmecorp.com
AID-00102,Customer Support-904,customer_support,2026-03-09 00:00:00,Active,owner-1@acmecorp.com
AID-00103,Market Research-654,market_research,2026-03-11 00:00:00,Active,owner-2@acmecorp.com
AID-00104,Trading Strategy-845,trading_strategy,2026-02-14 00:00:00,Active,owner-3@acmecorp.com
AID-00105,Compliance Audit-797,compliance_audit,2026-03-03 00:00:00,Active,owner-4@acmecorp.com
AID-00106,Data Pipeline-130,data_pipeline,2026-02-01 00:00:00,Active,owner-5@acmecorp.com
AID-00107,Hr Onboarding-178,hr_onboarding,2026-03-06 00:00:00,Active,owner-6@acmecorp.com
AID-00108,Trading Strategy-829,trading_strategy,2026-03-16 00:00:00,Active,owner-7@acmecorp.com
AID-00109,Data Pipeline-867,data_pipeline,2026-02-22 00:00:00,Active,owner-8@acmecorp.com
AID-00110,Hr Onboarding-546,hr_onboarding,2026-02-02 00:00:00,Active,owner-9@acmecorp.com
AID-00111,Financial Analysis-495,financial_analysis,2026-02-13 00:00:00,Active,owner-10@acmecorp.com
AID-00112,Trading Strategy-319,trading_strategy,2026-03-07 00:00:00,Active,owner-11@acmecorp.com
AID-00113,Compliance Audit-463,compliance_audit,2026-03-05 00:00:00,Active,owner-12@acmecorp.com
AID-00114,Hr Onboarding-772,hr_onboarding,2026-02-13 00:00:00,Active,owner-13@acmecorp.com
AID-00115,Compliance Audit-191,compliance_audit,2026-02-06 00:00:00,Active,owner-14@acmecorp.com
AID-00116,Trading Strategy-790,trading_strategy,2026-02-26 00:00:00,Active,owner-15@acmecorp.com
AID-00117,Market Research-223,market_research,2026-02-28 00:00:00,Active,owner-16@acmecorp.com
AID-00118,Market Research-878,market_research,2026-02-21 00:00:00,Active,owner-17@acmecorp.com
AID-00119,Code Generation-182,code_generation,2026-02-22 00:00:00,Active,owner-18@acmecorp.com
AID-00120,Compliance Audit-417,compliance_audit,2026-02-24 00:00:00,Active,owner-19@acmecorp.com
AID-00121,Trading Strategy-779,trading_strategy,2026-02-09 00:00:00,Active,owner-0@acmecorp.com
AID-00122,Trading Strategy-886,trading_strategy,2026-03-17 00:00:00,Active,owner-1@acmecorp.com
AID-00123,Hr Onboarding-256,hr_onboarding,2026-02-11 00:00:00,Active,owner-2@acmecorp.com
AID-00124,Trading Strategy-721,trading_strategy,2026-03-05 00:00:00,Active,owner-3@acmecorp.com
AID-00125,Data Pipeline-236,data_pipeline,2026-02-23 00:00:00,Active,owner-4@acmecorp.com
AID-00126,Market Research-208,market_research,2026-02-17 00:00:00,Active,owner-5@acmecorp.com
AID-00127,Code Generation-439,code_generation,2026-02-01 00:00:00,Active,owner-6@acmecorp.com
AID-00128,Market Research-918,market_research,2026-02-28 00:00:00,Active,owner-7@acmecorp.com
AID-00129,Market Research-374,market_research,2026-02-13 00:00:00,Active,owner-8@acmecorp.com
AID-00130,Code Generation-287,code_generation,2026-02-25 00:00:00,Active,owner-9@acmecorp.com
AID-00131,Financial Analysis-356,financial_analysis,2026-03-08 00:00:00,Active,owner-10@acmecorp.com
AID-00132,Compliance Audit-649,compliance_audit,2026-02-25 00:00:00,Active,owner-11@acmecorp.com
AID-00133,Compliance Audit-214,compliance_audit,2026-02-25 00:00:00,Active,owner-12@acmecorp.com
AID-00134,Trading Strategy-207,trading_strategy,2026-02-08 00:00:00,Active,owner-13@acmecorp.com
AID-00135,Trading Strategy-358,trading_strategy,2026-02-12 00:00:00,Active,owner-14@acmecorp.com
AID-00136,Data Pipeline-693,data_pipeline,2026-02-02 00:00:00,Active,owner-15@acmecorp.com
AID-00137,Hr Onboarding-499,hr_onboarding,2026-03-08 00:00:00,Active,owner-16@acmecorp.com
AID-00138,Customer Support-678,customer_support,2026-02-17 00:00:00,Active,owner-17@acmecorp.com
AID-00139,Market Research-916,market_research,2026-02-12 00:00:00,Active,owner-18@acmecorp.com
AID-00140,Code Generation-809,code_generation,2026-02-06 00:00:00,Active,owner-19@acmecorp.com
AID-00141,Trading Strategy-685,trading_strategy,2026-02-08 00:00:00,Active,owner-0@acmecorp.com
AID-00142,Code Generation-472,code_generation,2026-02-28 00:00:00,Active,owner-1@acmecorp.com
AID-00143,Data Pipeline-933,data_pipeline,2026-02-10 00:00:00,Active,owner-2@acmecorp.com
AID-00144,Customer Support-867,customer_support,2026-02-14 00:00:00,Active,owner-3@acmecorp.com
AID-00145,Trading Strategy-481,trading_strategy,2026-03-15 00:00:00,Active,owner-4@acmecorp.com
AID-00146,Market Research-974,market_research,2026-02-01 00:00:00,Active,owner-5@acmecorp.com
AID-00147,Financial Analysis-173,financial_analysis,2026-02-28 00:00:00,Active,owner-6@acmecorp.com
AID-00148,Trading Strategy-467,trading_strategy,2026-02-19 00:00:00,Active,owner-7@acmecorp.com
AID-00149,Market Research-355,market_research,2026-02-12 00:00:00,Active,owner-8@acmecorp.com
AID-00150,Customer Support-125,customer_support,2026-03-09 00:00:00,Active,owner-9@acmecorp.com
AID-00151,Customer Support-197,customer_support,2026-02-28 00:00:00,Active,owner-10@acmecorp.com
AID-00152,Market Research-723,market_research,2026-02-10 00:00:00,Active,owner-11@acmecorp.com
AID-00153,Customer Support-764,customer_support,2026-02-16 00:00:00,Active,owner-12@acmecorp.com
AID-00154,Compliance Audit-561,compliance_audit,2026-03-14 00:00:00,Active,owner-13@acmecorp.com
AID-00155,Trading Strategy-852,trading_strategy,2026-02-16 00:00:00,Active,owner-14@acmecorp.com
AID-00156,Financial Analysis-993,financial_analysis,2026-02-09 00:00:00,Active,owner-15@acmecorp.com
AID-00157,Hr Onboarding-884,hr_onboarding,2026-03-16 00:00:00,Active,owner-16@acmecorp.com
AID-00158,Code Generation-793,code_generation,2026-02-13 00:00:00,Active,owner-17@acmecorp.com
AID-00159,Market Research-699,market_research,2026-02-05 00:00:00,Active,owner-18@acmecorp.com
AID-00160,Trading Strategy-788,trading_strategy,2026-02-02 00:00:00,Active,owner-19@acmecorp.com
AID-00161,Hr Onboarding-981,hr_onboarding,2026-02-01 00:00:00,Active,owner-0@acmecorp.com
AID-00162,Financial Analysis-139,financial_analysis,2026-03-18 00:00:00,Active,owner-1@acmecorp.com
AID-00163,Code Generation-280,code_generation,2026-02-24 00:00:00,Active,owner-2@acmecorp.com
AID-00164,Data Pipeline-664,data_pipeline,2026-02-06 00:00:00,Active,owner-3@acmecorp.com
AID-00165,Market Research-953,market_research,2026-03-18 00:00:00,Active,owner-4@acmecorp.com
AID-00166,Financial Analysis-488,financial_analysis,2026-02-09 00:00:00,Active,owner-5@acmecorp.com
AID-00167,Code Generation-249,code_generation,2026-03-11 00:00:00,Active,owner-6@acmecorp.com
AID-00168,Compliance Audit-340,compliance_audit,2026-03-11 00:00:00,Active,owner-7@acmecorp.com
AID-00169,Hr Onboarding-172,hr_onboarding,2026-03-13 00:00:00,Active,owner-8@acmecorp.com
AID-00170,Hr Onboarding-502,hr_onboarding,2026-03-13 00:00:00,Active,owner-9@acmecorp.com
AID-00171,Trading Strategy-908,trading_strategy,2026-02-06 00:00:00,Active,owner-10@acmecorp.com
AID-00172,Hr Onboarding-398,hr_onboarding,2026-03-07 00:00:00,Active,owner-11@acmecorp.com
AID-00173,Customer Support-215,customer_support,2026-03-10 00:00:00,Active,owner-12@acmecorp.com
AID-00174,Financial Analysis-758,financial_analysis,2026-02-17 00:00:00,Active,owner-13@acmecorp.com
AID-00175,Code Generation-745,code_generation,2026-02-08 00:00:00,Active,owner-14@acmecorp.com
AID-00176,Market Research-633,market_research,2026-02-27 00:00:00,Active,owner-15@acmecorp.com
AID-00177,Data Pipeline-883,data_pipeline,2026-03-09 00:00:00,Active,owner-16@acmecorp.com
AID-00178,Data Pipeline-246,data_pipeline,2026-02-15 00:00:00,Active,owner-17@acmecorp.com
AID-00179,Customer Support-646,customer_support,2026-03-15 00:00:00,Active,owner-18@acmecorp.com
AID-00180,Data Pipeline-269,data_pipeline,2026-03-04 00:00:00,Active,owner-19@acmecorp.com
AID-00181,Hr Onboarding-505,hr_onboarding,2026-02-20 00:00:00,Active,owner-0@acmecorp.com
AID-00182,Market Research-249,market_research,2026-03-03 00:00:00,Active,owner-1@acmecorp.com
AID-00183,Customer Support-183,customer_support,2026-02-20 00:00:00,Active,owner-2@acmecorp.com
AID-00184,Compliance Audit-977,compliance_audit,2026-02-01 00:00:00,Active,owner-3@acmecorp.com
AID-00185,Market Research-128,market_research,2026-02-02 00:00:00,Active,owner-4@acmecorp.com
AID-00186,Compliance Audit-780,compliance_audit,2026-02-02 00:00:00,Active,owner-5@acmecorp.com
AID-00187,Data Pipeline-306,data_pipeline,2026-02-18 00:00:00,Active,owner-6@acmecorp.com
AID-00188,Customer Support-174,customer_support,2026-03-10 00:00:00,Active,owner-7@acmecorp.com
AID-00189,Data Pipeline-983,data_pipeline,2026-02-17 00:00:00,Active,owner-8@acmecorp.com
AID-00190,Customer Support-189,customer_support,2026-02-24 00:00:00,Active,owner-9@acmecorp.com
AID-00191,Financial Analysis-682,financial_analysis,2026-02-03 00:00:00,Active,owner-10@acmecorp.com
AID-00192,Market Research-242,market_research,2026-02-14 00:00:00,Active,owner-11@acmecorp.com
AID-00193,Data Pipeline-744,data_pipeline,2026-02-10 00:00:00,Active,owner-12@acmecorp.com
AID-00194,Compliance Audit-564,compliance_audit,2026-02-11 00:00:00,Active,owner-13@acmecorp.com
AID-00195,Market Research-263,market_research,2026-02-07 00:00:00,Active,owner-14@acmecorp.com
AID-00196,Market Research-807,market_research,2026-02-25 00:00:00,Active,owner-15@acmecorp.com
AID-00197,Code Generation-176,code_generation,2026-02-10 00:00:00,Active,owner-16@acmecorp.com
AID-00198,Market Research-970,market_research,2026-02-08 00:00:00,Active,owner-17@acmecorp.com
AID-00199,Customer Support-735,customer_support,2026-03-09 00:00:00,Active,owner-18@acmecorp.com
AID-00200,Data Pipeline-265,data_pipeline,2026-03-14 00:00:00,Active,owner-19@acmecorp.com
AID-00201,Market Research-346,market_research,2026-02-07 00:00:00,Active,owner-0@acmecorp.com
AID-00202,Code Generation-594,code_generation,2026-02-26 00:00:00,Active,owner-1@acmecorp.com
AID-00203,Customer Support-394,customer_support,2026-03-16 00:00:00,Active,owner-2@acmecorp.com
AID-00204,Data Pipeline-205,data_pipeline,2026-02-05 00:00:00,Active,owner-3@acmecorp.com
AID-00205,Hr Onboarding-977,hr_onboarding,2026-02-17 00:00:00,Active,owner-4@acmecorp.com
AID-00206,Code Generation-738,code_generation,2026-02-03 00:00:00,Active,owner-5@acmecorp.com
AID-00207,Compliance Audit-171,compliance_audit,2026-02-16 00:00:00,Active,owner-6@acmecorp.com
AID-00208,Data Pipeline-513,data_pipeline,2026-02-10 00:00:00,Active,owner-7@acmecorp.com
AID-00209,Compliance Audit-331,compliance_audit,2026-03-17 00:00:00,Active,owner-8@acmecorp.com
AID-00210,Financial Analysis-369,financial_analysis,2026-02-23 00:00:00,Active,owner-9@acmecorp.com
AID-00211,Financial Analysis-280,financial_analysis,2026-02-12 00:00:00,Active,owner-10@acmecorp.com
AID-00212,Financial Analysis-455,financial_analysis,2026-02-02 00:00:00,Active,owner-11@acmecorp.com
AID-00213,Data Pipeline-785,data_pipeline,2026-03-10 00:00:00,Active,owner-12@acmecorp.com
AID-00214,Code Generation-176,code_generation,2026-03-06 00:00:00,Active,owner-13@acmecorp.com
AID-00215,Data Pipeline-186,data_pipeline,2026-02-17 00:00:00,Active,owner-14@acmecorp.com
AID-00216,Market Research-838,market_research,2026-03-15 00:00:00,Active,owner-15@acmecorp.com
AID-00217,Financial Analysis-297,financial_analysis,2026-02-01 00:00:00,Active,owner-16@acmecorp.com
AID-00218,Code Generation-294,code_generation,2026-02-23 00:00:00,Active,owner-17@acmecorp.com
AID-00219,Trading Strategy-135,trading_strategy,2026-03-08 00:00:00,Active,owner-18@acmecorp.com
AID-00220,Compliance Audit-530,compliance_audit,2026-02-07 00:00:00,Active,owner-19@acmecorp.com
AID-00221,Data Pipeline-953,data_pipeline,2026-02-03 00:00:00,Active,owner-0@acmecorp.com
AID-00222,Market Research-452,market_research,2026-02-22 00:00:00,Active,owner-1@acmecorp.com
AID-00223,Code Generation-690,code_generation,2026-03-15 00:00:00,Active,owner-2@acmecorp.com
AID-00224,Financial Analysis-207,financial_analysis,2026-03-09 00:00:00,Active,owner-3@acmecorp.com
AID-00225,Data Pipeline-426,data_pipeline,2026-02-27 00:00:00,Active,owner-4@acmecorp.com
AID-00226,Code Generation-134,code_generation,2026-02-05 00:00:00,Active,owner-5@acmecorp.com
AID-00227,Trading Strategy-759,trading_strategy,2026-03-10 00:00:00,Active,owner-6@acmecorp.com
AID-00228,Trading Strategy-153,trading_strategy,2026-02-23 00:00:00,Active,owner-7@acmecorp.com
AID-00229,Market Research-536,market_research,2026-02-27 00:00:00,Active,owner-8@acmecorp.com
AID-00230,Code Generation-906,code_generation,2026-02-04 00:00:00,Active,owner-9@acmecorp.com
AID-00231,Financial Analysis-516,financial_analysis,2026-02-28 00:00:00,Active,owner-10@acmecorp.com
AID-00232,Data Pipeline-109,data_pipeline,2026-02-22 00:00:00,Active,owner-11@acmecorp.com
AID-00233,Compliance Audit-271,compliance_audit,2026-02-18 00:00:00,Active,owner-12@acmecorp.com
AID-00234,Hr Onboarding-520,hr_onboarding,2026-02-03 00:00:00,Active,owner-13@acmecorp.com
AID-00235,Code Generation-896,code_generation,2026-02-17 00:00:00,Active,owner-14@acmecorp.com
AID-00236,Hr Onboarding-335,hr_onboarding,2026-03-10 00:00:00,Active,owner-15@acmecorp.com
AID-00237,Customer Support-481,customer_support,2026-03-05 00:00:00,Active,owner-16@acmecorp.com
AID-00238,Financial Analysis-515,financial_analysis,2026-03-15 00:00:00,Active,owner-17@acmecorp.com
AID-00239,Trading Strategy-618,trading_strategy,2026-03-15 00:00:00,Active,owner-18@acmecorp.com
AID-00240,Hr Onboarding-531,hr_onboarding,2026-02-11 00:00:00,Active,owner-19@acmecorp.com
AID-00241,Data Pipeline-333,data_pipeline,2026-03-01 00:00:00,Active,owner-0@acmecorp.com
AID-00242,Hr Onboarding-597,hr_onboarding,2026-02-14 00:00:00,Active,owner-1@acmecorp.com
AID-00243,Financial Analysis-787,financial_analysis,2026-02-26 00:00:00,Active,owner-2@acmecorp.com
AID-00244,Trading Strategy-730,trading_strategy,2026-02-16 00:00:00,Active,owner-3@acmecorp.com
AID-00245,Hr Onboarding-591,hr_onboarding,2026-02-27 00:00:00,Active,owner-4@acmecorp.com
AID-00246,Compliance Audit-447,compliance_audit,2026-02-22 00:00:00,Active,owner-5@acmecorp.com
AID-00247,Compliance Audit-451,compliance_audit,2026-02-22 00:00:00,Active,owner-6@acmecorp.com
AID-00248,Financial Analysis-469,financial_analysis,2026-02-17 00:00:00,Active,owner-7@acmecorp.com
AID-00249,Customer Support-140,customer_support,2026-02-16 00:00:00,Active,owner-8@acmecorp.com
AID-00250,Trading Strategy-714,trading_strategy,2026-03-02 00:00:00,Active,owner-9@acmecorp.com
AID-00251,Market Research-153,market_research,2026-02-09 00:00:00,Active,owner-10@acmecorp.com
AID-00252,Compliance Audit-309,compliance_audit,2026-03-04 00:00:00,Active,owner-11@acmecorp.com
AID-00253,Market Research-831,market_research,2026-03-15 00:00:00,Active,owner-12@acmecorp.com
AID-00254,Data Pipeline-307,data_pipeline,2026-03-17 00:00:00,Active,owner-13@acmecorp.com
AID-00255,Hr Onboarding-874,hr_onboarding,2026-02-03 00:00:00,Active,owner-14@acmecorp.com
AID-00256,Data Pipeline-892,data_pipeline,2026-02-08 00:00:00,Active,owner-15@acmecorp.com
AID-00257,Compliance Audit-869,compliance_audit,2026-02-18 00:00:00,Active,owner-16@acmecorp.com
AID-00258,Compliance Audit-881,compliance_audit,2026-02-18 00:00:00,Active,owner-17@acmecorp.com
AID-00259,Compliance Audit-412,compliance_audit,2026-02-19 00:00:00,Active,owner-18@acmecorp.com
AID-00260,Data Pipeline-786,data_pipeline,2026-02-05 00:00:00,Active,owner-19@acmecorp.com
AID-00261,Market Research-127,market_research,2026-02-13 00:00:00,Active,owner-0@acmecorp.com
AID-00262,Data Pipeline-387,data_pipeline,2026-02-04 00:00:00,Active,owner-1@acmecorp.com
AID-00263,Code Generation-581,code_generation,2026-02-02 00:00:00,Active,owner-2@acmecorp.com
AID-00264,Financial Analysis-146,financial_analysis,2026-02-06 00:00:00,Active,owner-3@acmecorp.com
AID-00265,Trading Strategy-942,trading_strategy,2026-02-23 00:00:00,Active,owner-4@acmecorp.com
AID-00266,Code Generation-158,code_generation,2026-02-11 00:00:00,Active,owner-5@acmecorp.com
AID-00267,Data Pipeline-617,data_pipeline,2026-03-09 00:00:00,Active,owner-6@acmecorp.com
AID-00268,Market Research-391,market_research,2026-02-27 00:00:00,Active,owner-7@acmecorp.com
AID-00269,Compliance Audit-984,compliance_audit,2026-03-10 00:00:00,Active,owner-8@acmecorp.com
AID-00270,Market Research-684,market_research,2026-02-17 00:00:00,Active,owner-9@acmecorp.com
AID-00271,Code Generation-606,code_generation,2026-03-18 00:00:00,Active,owner-10@acmecorp.com
AID-00272,Compliance Audit-241,compliance_audit,2026-02-24 00:00:00,Active,owner-11@acmecorp.com
AID-00273,Compliance Audit-839,compliance_audit,2026-02-22 00:00:00,Active,owner-12@acmecorp.com
AID-00274,Customer Support-891,customer_support,2026-02-05 00:00:00,Active,owner-13@acmecorp.com
AID-00275,Trading Strategy-101,trading_strategy,2026-03-04 00:00:00,Active,owner-14@acmecorp.com
AID-00276,Hr Onboarding-640,hr_onboarding,2026-03-10 00:00:00,Active,owner-15@acmecorp.com
AID-00277,Code Generation-547,code_generation,2026-02-26 00:00:00,Active,owner-16@acmecorp.com
AID-00278,Market Research-943,market_research,2026-02-06 00:00:00,Active,owner-17@acmecorp.com
AID-00279,Market Research-485,market_research,2026-02-18 00:00:00,Active,owner-18@acmecorp.com
AID-00280,Financial Analysis-683,financial_analysis,2026-02-18 00:00:00,Active,owner-19@acmecorp.com
AID-00281,Hr Onboarding-979,hr_onboarding,2026-02-02 00:00:00,Active,owner-0@acmecorp.com
AID-00282,Trading Strategy-568,trading_strategy,2026-02-19 00:00:00,Active,owner-1@acmecorp.com
AID-00283,Data Pipeline-801,data_pipeline,2026-02-12 00:00:00,Active,owner-2@acmecorp.com
AID-00284,Financial Analysis-413,financial_analysis,2026-03-01 00:00:00,Active,owner-3@acmecorp.com
AID-00285,Customer Support-574,customer_support,2026-03-12 00:00:00,Active,owner-4@acmecorp.com
AID-00286,Compliance Audit-163,compliance_audit,2026-03-02 00:00:00,Active,owner-5@acmecorp.com
AID-00287,Market Research-956,market_research,2026-03-17 00:00:00,Active,owner-6@acmecorp.com
AID-00288,Compliance Audit-495,compliance_audit,2026-02-10 00:00:00,Active,owner-7@acmecorp.com
AID-00289,Code Generation-863,code_generation,2026-02-03 00:00:00,Active,owner-8@acmecorp.com
AID-00290,Code Generation-589,code_generation,2026-02-09 00:00:00,Active,owner-9@acmecorp.com
AID-00291,Customer Support-200,customer_support,2026-02-26 00:00:00,Active,owner-10@acmecorp.com
AID-00292,Data Pipeline-910,data_pipeline,2026-03-12 00:00:00,Active,owner-11@acmecorp.com
AID-00293,Market Research-913,market_research,2026-02-09 00:00:00,Active,owner-12@acmecorp.com
AID-00294,Customer Support-962,customer_support,2026-02-04 00:00:00,Active,owner-13@acmecorp.com
AID-00295,Data Pipeline-699,data_pipeline,2026-02-27 00:00:00,Active,owner-14@acmecorp.com
AID-00296,Data Pipeline-305,data_pipeline,2026-03-05 00:00:00,Active,owner-15@acmecorp.com
AID-00297,Code Generation-257,code_generation,2026-03-11 00:00:00,Active,owner-16@acmecorp.com
AID-00298,Data Pipeline-944,data_pipeline,2026-02-23 00:00:00,Active,owner-17@acmecorp.com
AID-00299,Code Generation-991,code_generation,2026-03-10 00:00:00,Active,owner-18@acmecorp.com
AID-00300,Trading Strategy-205,trading_strategy,2026-02-25 00:00:00,Active,owner-19@acmecorp.com
AID-00301,Financial Analysis-133,financial_analysis,2026-03-03 00:00:00,Active,owner-0@acmecorp.com
AID-00302,Data Pipeline-646,data_pipeline,2026-03-08 00:00:00,Active,owner-1@acmecorp.com
AID-00303,Trading Strategy-707,trading_strategy,2026-02-17 00:00:00,Active,owner-2@acmecorp.com
AID-00304,Compliance Audit-452,compliance_audit,2026-03-17 00:00:00,Active,owner-3@acmecorp.com
AID-00305,Customer Support-924,customer_support,2026-03-09 00:00:00,Active,owner-4@acmecorp.com
AID-00306,Financial Analysis-608,financial_analysis,2026-03-05 00:00:00,Active,owner-5@acmecorp.com
AID-00307,Customer Support-639,customer_support,2026-02-20 00:00:00,Active,owner-6@acmecorp.com
AID-00308,Trading Strategy-911,trading_strategy,2026-02-25 00:00:00,Active,owner-7@acmecorp.com
AID-00309,Trading Strategy-445,trading_strategy,2026-02-02 00:00:00,Active,owner-8@acmecorp.com
AID-00310,Financial Analysis-865,financial_analysis,2026-02-22 00:00:00,Active,owner-9@acmecorp.com
AID-00311,Customer Support-689,customer_support,2026-03-13 00:00:00,Active,owner-10@acmecorp.com
AID-00312,Data Pipeline-288,data_pipeline,2026-02-15 00:00:00,Active,owner-11@acmecorp.com
AID-00313,Trading Strategy-549,trading_strategy,2026-02-27 00:00:00,Active,owner-12@acmecorp.com
AID-00314,Customer Support-873,customer_support,2026-03-05 00:00:00,Active,owner-13@acmecorp.com
AID-00315,Market Research-984,market_research,2026-03-14 00:00:00,Active,owner-14@acmecorp.com
AID-00316,Financial Analysis-518,financial_analysis,2026-03-11 00:00:00,Active,owner-15@acmecorp.com
AID-00317,Customer Support-663,customer_support,2026-03-13 00:00:00,Active,owner-16@acmecorp.com
AID-00318,Code Generation-707,code_generation,2026-03-04 00:00:00,Active,owner-17@acmecorp.com
AID-00319,Data Pipeline-998,data_pipeline,2026-03-13 00:00:00,Active,owner-18@acmecorp.com
AID-00320,Trading Strategy-179,trading_strategy,2026-02-21 00:00:00,Active,owner-19@acmecorp.com
AID-00321,Market Research-413,market_research,2026-03-11 00:00:00,Active,owner-0@acmecorp.com
AID-00322,Customer Support-448,customer_support,2026-02-23 00:00:00,Active,owner-1@acmecorp.com
AID-00323,Market Research-843,market_research,2026-02-01 00:00:00,Active,owner-2@acmecorp.com
AID-00324,Code Generation-692,code_generation,2026-03-14 00:00:00,Active,owner-3@acmecorp.com
AID-00325,Trading Strategy-292,trading_strategy,2026-02-18 00:00:00,Active,owner-4@acmecorp.com
AID-00326,Customer Support-851,customer_support,2026-03-02 00:00:00,Active,owner-5@acmecorp.com
AID-00327,Data Pipeline-633,data_pipeline,2026-02-07 00:00:00,Active,owner-6@acmecorp.com
AID-00328,Compliance Audit-893,compliance_audit,2026-02-25 00:00:00,Active,owner-7@acmecorp.com
AID-00329,Data Pipeline-477,data_pipeline,2026-03-18 00:00:00,Active,owner-8@acmecorp.com
AID-00330,Compliance Audit-205,compliance_audit,2026-02-22 00:00:00,Active,owner-9@acmecorp.com
AID-00331,Compliance Audit-213,compliance_audit,2026-02-06 00:00:00,Active,owner-10@acmecorp.com
AID-00332,Customer Support-458,customer_support,2026-03-02 00:00:00,Active,owner-11@acmecorp.com
AID-00333,Trading Strategy-376,trading_strategy,2026-02-18 00:00:00,Active,owner-12@acmecorp.com
AID-00334,Compliance Audit-626,compliance_audit,2026-02-08 00:00:00,Active,owner-13@acmecorp.com
AID-00335,Trading Strategy-566,trading_strategy,2026-02-25 00:00:00,Active,owner-14@acmecorp.com
AID-00336,Hr Onboarding-155,hr_onboarding,2026-02-12 00:00:00,Active,owner-15@acmecorp.com
AID-00337,Market Research-573,market_research,2026-02-09 00:00:00,Active,owner-16@acmecorp.com
AID-00338,Compliance Audit-435,compliance_audit,2026-03-01 00:00:00,Active,owner-17@acmecorp.com
AID-00339,Customer Support-164,customer_support,2026-02-09 00:00:00,Active,owner-18@acmecorp.com
AID-00340,Customer Support-928,customer_support,2026-02-07 00:00:00,Active,owner-19@acmecorp.com
AID-00341,Market Research-856,market_research,2026-02-08 00:00:00,Active,owner-0@acmecorp.com
AID-00342,Code Generation-235,code_generation,2026-03-09 00:00:00,Active,owner-1@acmecorp.com
AID-00343,Market Research-168,market_research,2026-02-24 00:00:00,Active,owner-2@acmecorp.com
AID-00344,Hr Onboarding-146,hr_onboarding,2026-03-18 00:00:00,Active,owner-3@acmecorp.com
AID-00345,Trading Strategy-941,trading_strategy,2026-02-25 00:00:00,Active,owner-4@acmecorp.com
AID-00346,Hr Onboarding-754,hr_onboarding,2026-02-10 00:00:00,Active,owner-5@acmecorp.com
AID-00347,Market Research-778,market_research,2026-02-22 00:00:00,Active,owner-6@acmecorp.com
AID-00348,Hr Onboarding-827,hr_onboarding,2026-02-14 00:00:00,Active,owner-7@acmecorp.com
AID-00349,Customer Support-868,customer_support,2026-02-28 00:00:00,Active,owner-8@acmecorp.com
AID-00350,Trading Strategy-522,trading_strategy,2026-02-19 00:00:00,Active,owner-9@acmecorp.com
AID-00351,Financial Analysis-826,financial_analysis,2026-03-03 00:00:00,Active,owner-10@acmecorp.com
AID-00352,Market Research-994,market_research,2026-03-12 00:00:00,Active,owner-11@acmecorp.com
AID-00353,Code Generation-110,code_generation,2026-03-09 00:00:00,Active,owner-12@acmecorp.com
AID-00354,Trading Strategy-394,trading_strategy,2026-02-15 00:00:00,Active,owner-13@acmecorp.com
AID-00355,Customer Support-897,customer_support,2026-02-08 00:00:00,Active,owner-14@acmecorp.com
AID-00356,Market Research-891,market_research,2026-02-08 00:00:00,Active,owner-15@acmecorp.com
AID-00357,Data Pipeline-883,data_pipeline,2026-03-04 00:00:00,Active,owner-16@acmecorp.com
AID-00358,Code Generation-907,code_generation,2026-03-05 00:00:00,Active,owner-17@acmecorp.com
AID-00359,Compliance Audit-615,compliance_audit,2026-03-18 00:00:00,Active,owner-18@acmecorp.com
AID-00360,Trading Strategy-108,trading_strategy,2026-02-19 00:00:00,Active,owner-19@acmecorp.com
AID-00361,Customer Support-329,customer_support,2026-02-02 00:00:00,Active,owner-0@acmecorp.com
AID-00362,Compliance Audit-850,compliance_audit,2026-02-07 00:00:00,Active,owner-1@acmecorp.com
AID-00363,Market Research-727,market_research,2026-02-20 00:00:00,Active,owner-2@acmecorp.com
AID-00364,Data Pipeline-930,data_pipeline,2026-03-08 00:00:00,Active,owner-3@acmecorp.com
AID-00365,Customer Support-661,customer_support,2026-02-01 00:00:00,Active,owner-4@acmecorp.com
AID-00366,Market Research-467,market_research,2026-02-24 00:00:00,Active,owner-5@acmecorp.com
AID-00367,Financial Analysis-701,financial_analysis,2026-02-02 00:00:00,Active,owner-6@acmecorp.com
AID-00368,Market Research-138,market_research,2026-03-14 00:00:00,Active,owner-7@acmecorp.com
AID-00369,Code Generation-452,code_generation,2026-02-14 00:00:00,Active,owner-8@acmecorp.com
AID-00370,Trading Strategy-127,trading_strategy,2026-02-28 00:00:00,Active,owner-9@acmecorp.com
AID-00371,Hr Onboarding-459,hr_onboarding,2026-02-17 00:00:00,Active,owner-10@acmecorp.com
AID-00372,Compliance Audit-150,compliance_audit,2026-02-01 00:00:00,Active,owner-11@acmecorp.com
AID-00373,Customer Support-739,customer_support,2026-03-13 00:00:00,Active,owner-12@acmecorp.com
AID-00374,Hr Onboarding-463,hr_onboarding,2026-03-11 00:00:00,Active,owner-13@acmecorp.com
AID-00375,Market Research-627,market_research,2026-02-15 00:00:00,Active,owner-14@acmecorp.com
AID-00376,Market Research-867,market_research,2026-02-02 00:00:00,Active,owner-15@acmecorp.com
AID-00377,Market Research-649,market_research,2026-03-13 00:00:00,Active,owner-16@acmecorp.com
AID-00378,Data Pipeline-257,data_pipeline,2026-02-12 00:00:00,Active,owner-17@acmecorp.com
AID-00379,Trading Strategy-935,trading_strategy,2026-02-21 00:00:00,Active,owner-18@acmecorp.com
AID-00380,Market Research-474,market_research,2026-02-04 00:00:00,Active,owner-19@acmecorp.com
AID-00381,Hr Onboarding-256,hr_onboarding,2026-03-05 00:00:00,Active,owner-0@acmecorp.com
AID-00382,Customer Support-736,customer_support,2026-02-09 00:00:00,Active,owner-1@acmecorp.com
AID-00383,Financial Analysis-628,financial_analysis,2026-03-11 00:00:00,Active,owner-2@acmecorp.com
AID-00384,Code Generation-582,code_generation,2026-03-05 00:00:00,Active,owner-3@acmecorp.com
AID-00385,Compliance Audit-584,compliance_audit,2026-02-19 00:00:00,Active,owner-4@acmecorp.com
AID-00386,Hr Onboarding-272,hr_onboarding,2026-02-19 00:00:00,Active,owner-5@acmecorp.com
AID-00387,Data Pipeline-327,data_pipeline,2026-02-17 00:00:00,Active,owner-6@acmecorp.com
AID-00388,Compliance Audit-604,compliance_audit,2026-02-18 00:00:00,Active,owner-7@acmecorp.com
AID-00389,Compliance Audit-629,compliance_audit,2026-03-05 00:00:00,Active,owner-8@acmecorp.com
AID-00390,Compliance Audit-891,compliance_audit,2026-03-11 00:00:00,Active,owner-9@acmecorp.com
AID-00391,Customer Support-812,customer_support,2026-03-13 00:00:00,Active,owner-10@acmecorp.com
AID-00392,Market Research-112,market_research,2026-02-27 00:00:00,Active,owner-11@acmecorp.com
AID-00393,Financial Analysis-133,financial_analysis,2026-02-17 00:00:00,Active,owner-12@acmecorp.com
AID-00394,Hr Onboarding-768,hr_onboarding,2026-02-12 00:00:00,Active,owner-13@acmecorp.com
AID-00395,Market Research-720,market_research,2026-02-15 00:00:00,Active,owner-14@acmecorp.com
AID-00396,Compliance Audit-706,compliance_audit,2026-03-06 00:00:00,Active,owner-15@acmecorp.com
AID-00397,Data Pipeline-367,data_pipeline,2026-02-04 00:00:00,Active,owner-16@acmecorp.com
AID-00398,Trading Strategy-351,trading_strategy,2026-02-15 00:00:00,Active,owner-17@acmecorp.com
AID-00399,Financial Analysis-570,financial_analysis,2026-02-20 00:00:00,Active,owner-18@acmecorp.com
AID-00400,Hr Onboarding-341,hr_onboarding,2026-03-18 00:00:00,Active,owner-19@acmecorp.com
AID-00401,Financial Analysis-331,financial_analysis,2026-02-18 00:00:00,Active,owner-0@acmecorp.com
AID-00402,Code Generation-416,code_generation,2026-02-26 00:00:00,Active,owner-1@acmecorp.com
AID-00403,Compliance Audit-638,compliance_audit,2026-02-01 00:00:00,Active,owner-2@acmecorp.com
AID-00404,Trading Strategy-211,trading_strategy,2026-02-06 00:00:00,Active,owner-3@acmecorp.com
AID-00405,Trading Strategy-346,trading_strategy,2026-03-08 00:00:00,Active,owner-4@acmecorp.com
AID-00406,Market Research-957,market_research,2026-02-20 00:00:00,Active,owner-5@acmecorp.com
AID-00407,Trading Strategy-213,trading_strategy,2026-02-28 00:00:00,Active,owner-6@acmecorp.com
AID-00408,Compliance Audit-421,compliance_audit,2026-02-20 00:00:00,Active,owner-7@acmecorp.com
AID-00409,Customer Support-837,customer_support,2026-02-11 00:00:00,Active,owner-8@acmecorp.com
AID-00410,Hr Onboarding-192,hr_onboarding,2026-03-03 00:00:00,Active,owner-9@acmecorp.com
AID-00411,Compliance Audit-981,compliance_audit,2026-03-05 00:00:00,Active,owner-10@acmecorp.com
AID-00412,Code Generation-358,code_generation,2026-03-01 00:00:00,Active,owner-11@acmecorp.com
AID-00413,Customer Support-593,customer_support,2026-02-08 00:00:00,Active,owner-12@acmecorp.com
AID-00414,Market Research-222,market_research,2026-02-05 00:00:00,Active,owner-13@acmecorp.com
AID-00415,Trading Strategy-643,trading_strategy,2026-02-28 00:00:00,Active,owner-14@acmecorp.com
AID-00416,Trading Strategy-627,trading_strategy,2026-03-17 00:00:00,Active,owner-15@acmecorp.com
AID-00417,Market Research-880,market_research,2026-03-05 00:00:00,Active,owner-16@acmecorp.com
AID-00418,Financial Analysis-624,financial_analysis,2026-02-14 00:00:00,Active,owner-17@acmecorp.com
AID-00419,Compliance Audit-249,compliance_audit,2026-03-16 00:00:00,Active,owner-18@acmecorp.com
AID-00420,Code Generation-984,code_generation,2026-02-23 00:00:00,Active,owner-19@acmecorp.com
AID-00421,Data Pipeline-685,data_pipeline,2026-02-17 00:00:00,Active,owner-0@acmecorp.com
AID-00422,Data Pipeline-201,data_pipeline,2026-02-19 00:00:00,Active,owner-1@acmecorp.com
AID-00423,Compliance Audit-817,compliance_audit,2026-02-05 00:00:00,Active,owner-2@acmecorp.com
AID-00424,Trading Strategy-947,trading_strategy,2026-02-23 00:00:00,Active,owner-3@acmecorp.com
AID-00425,Market Research-260,market_research,2026-02-27 00:00:00,Active,owner-4@acmecorp.com
AID-00426,Compliance Audit-219,compliance_audit,2026-03-05 00:00:00,Active,owner-5@acmecorp.com
AID-00427,Trading Strategy-579,trading_strategy,2026-03-18 00:00:00,Active,owner-6@acmecorp.com
AID-00428,Trading Strategy-273,trading_strategy,2026-02-16 00:00:00,Active,owner-7@acmecorp.com
AID-00429,Customer Support-378,customer_support,2026-03-18 00:00:00,Active,owner-8@acmecorp.com
AID-00430,Trading Strategy-748,trading_strategy,2026-02-23 00:00:00,Active,owner-9@acmecorp.com
AID-00431,Data Pipeline-663,data_pipeline,2026-02-20 00:00:00,Active,owner-10@acmecorp.com
AID-00432,Customer Support-539,customer_support,2026-03-11 00:00:00,Active,owner-11@acmecorp.com
AID-00433,Financial Analysis-984,financial_analysis,2026-02-13 00:00:00,Active,owner-12@acmecorp.com
AID-00434,Data Pipeline-264,data_pipeline,2026-03-02 00:00:00,Active,owner-13@acmecorp.com
AID-00435,Data Pipeline-111,data_pipeline,2026-03-01 00:00:00,Active,owner-14@acmecorp.com
AID-00436,Hr Onboarding-699,hr_onboarding,2026-02-09 00:00:00,Active,owner-15@acmecorp.com
AID-00437,Data Pipeline-306,data_pipeline,2026-02-28 00:00:00,Active,owner-16@acmecorp.com
AID-00438,Trading Strategy-952,trading_strategy,2026-02-21 00:00:00,Active,owner-17@acmecorp.com
AID-00439,Hr Onboarding-712,hr_onboarding,2026-02-17 00:00:00,Active,owner-18@acmecorp.com
AID-00440,Financial Analysis-341,financial_analysis,2026-03-01 00:00:00,Active,owner-19@acmecorp.com
AID-00441,Financial Analysis-233,financial_analysis,2026-02-22 00:00:00,Active,owner-0@acmecorp.com
AID-00442,Code Generation-887,code_generation,2026-03-14 00:00:00,Active,owner-1@acmecorp.com
AID-00443,Financial Analysis-813,financial_analysis,2026-02-16 00:00:00,Active,owner-2@acmecorp.com
AID-00444,Financial Analysis-662,financial_analysis,2026-03-11 00:00:00,Active,owner-3@acmecorp.com
AID-00445,Compliance Audit-538,compliance_audit,2026-02-12 00:00:00,Active,owner-4@acmecorp.com
AID-00446,Compliance Audit-195,compliance_audit,2026-03-17 00:00:00,Active,owner-5@acmecorp.com
AID-00447,Hr Onboarding-542,hr_onboarding,2026-02-08 00:00:00,Active,owner-6@acmecorp.com
AID-00448,Data Pipeline-565,data_pipeline,2026-02-05 00:00:00,Active,owner-7@acmecorp.com
AID-00449,Compliance Audit-303,compliance_audit,2026-03-10 00:00:00,Active,owner-8@acmecorp.com
AID-00450,Hr Onboarding-645,hr_onboarding,2026-03-02 00:00:00,Active,owner-9@acmecorp.com
AID-00451,Compliance Audit-688,compliance_audit,2026-02-10 00:00:00,Active,owner-10@acmecorp.com
AID-00452,Compliance Audit-787,compliance_audit,2026-02-14 00:00:00,Active,owner-11@acmecorp.com
AID-00453,Compliance Audit-191,compliance_audit,2026-03-11 00:00:00,Active,owner-12@acmecorp.com
AID-00454,Compliance Audit-426,compliance_audit,2026-03-05 00:00:00,Active,owner-13@acmecorp.com
AID-00455,Hr Onboarding-365,hr_onboarding,2026-02-24 00:00:00,Active,owner-14@acmecorp.com
AID-00456,Data Pipeline-646,data_pipeline,2026-03-06 00:00:00,Active,owner-15@acmecorp.com
AID-00457,Customer Support-641,customer_support,2026-03-06 00:00:00,Active,owner-16@acmecorp.com
AID-00458,Financial Analysis-462,financial_analysis,2026-02-22 00:00:00,Active,owner-17@acmecorp.com
AID-00459,Customer Support-674,customer_support,2026-02-12 00:00:00,Active,owner-18@acmecorp.com
AID-00460,Customer Support-359,customer_support,2026-02-01 00:00:00,Active,owner-19@acmecorp.com
AID-00461,Code Generation-821,code_generation,2026-02-01 00:00:00,Active,owner-0@acmecorp.com
AID-00462,Hr Onboarding-242,hr_onboarding,2026-03-07 00:00:00,Active,owner-1@acmecorp.com
AID-00463,Compliance Audit-154,compliance_audit,2026-02-09 00:00:00,Active,owner-2@acmecorp.com
AID-00464,Compliance Audit-243,compliance_audit,2026-02-08 00:00:00,Active,owner-3@acmecorp.com
AID-00465,Customer Support-566,customer_support,2026-03-02 00:00:00,Active,owner-4@acmecorp.com
AID-00466,Hr Onboarding-881,hr_onboarding,2026-02-04 00:00:00,Active,owner-5@acmecorp.com
AID-00467,Trading Strategy-420,trading_strategy,2026-02-07 00:00:00,Active,owner-6@acmecorp.com
AID-00468,Hr Onboarding-728,hr_onboarding,2026-03-08 00:00:00,Active,owner-7@acmecorp.com
AID-00469,Compliance Audit-875,compliance_audit,2026-02-20 00:00:00,Active,owner-8@acmecorp.com
AID-00470,Hr Onboarding-969,hr_onboarding,2026-03-13 00:00:00,Active,owner-9@acmecorp.com
AID-00471,Compliance Audit-350,compliance_audit,2026-03-01 00:00:00,Active,owner-10@acmecorp.com
AID-00472,Financial Analysis-601,financial_analysis,2026-03-06 00:00:00,Active,owner-11@acmecorp.com
AID-00473,Data Pipeline-672,data_pipeline,2026-02-08 00:00:00,Active,owner-12@acmecorp.com
AID-00474,Hr Onboarding-426,hr_onboarding,2026-02-13 00:00:00,Active,owner-13@acmecorp.com
AID-00475,Code Generation-139,code_generation,2026-03-05 00:00:00,Active,owner-14@acmecorp.com
AID-00476,Code Generation-872,code_generation,2026-02-18 00:00:00,Active,owner-15@acmecorp.com
AID-00477,Data Pipeline-561,data_pipeline,2026-02-03 00:00:00,Active,owner-16@acmecorp.com
AID-00478,Data Pipeline-754,data_pipeline,2026-02-19 00:00:00,Active,owner-17@acmecorp.com
AID-00479,Data Pipeline-696,data_pipeline,2026-02-04 00:00:00,Active,owner-18@acmecorp.com
AID-00480,Customer Support-127,customer_support,2026-02-25 00:00:00,Active,owner-19@acmecorp.com
AID-00481,Customer Support-266,customer_support,2026-03-17 00:00:00,Active,owner-0@acmecorp.com
AID-00482,Data Pipeline-139,data_pipeline,2026-02-09 00:00:00,Active,owner-1@acmecorp.com
AID-00483,Financial Analysis-774,financial_analysis,2026-03-15 00:00:00,Active,owner-2@acmecorp.com
AID-00484,Compliance Audit-197,compliance_audit,2026-02-09 00:00:00,Active,owner-3@acmecorp.com
AID-00485,Market Research-645,market_research,2026-02-14 00:00:00,Active,owner-4@acmecorp.com
AID-00486,Trading Strategy-184,trading_strategy,2026-02-01 00:00:00,Active,owner-5@acmecorp.com
AID-00487,Customer Support-567,customer_support,2026-02-03 00:00:00,Active,owner-6@acmecorp.com
AID-00488,Data Pipeline-332,data_pipeline,2026-02-08 00:00:00,Active,owner-7@acmecorp.com
AID-00489,Data Pipeline-440,data_pipeline,2026-03-14 00:00:00,Active,owner-8@acmecorp.com
AID-00490,Market Research-605,market_research,2026-02-02 00:00:00,Active,owner-9@acmecorp.com
AID-00491,Hr Onboarding-601,hr_onboarding,2026-03-13 00:00:00,Active,owner-10@acmecorp.com
AID-00492,Compliance Audit-921,compliance_audit,2026-03-16 00:00:00,Active,owner-11@acmecorp.com
AID-00493,Customer Support-491,customer_support,2026-02-04 00:00:00,Active,owner-12@acmecorp.com
AID-00494,Trading Strategy-845,trading_strategy,2026-02-21 00:00:00,Active,owner-13@acmecorp.com
AID-00495,Trading Strategy-280,trading_strategy,2026-02-22 00:00:00,Active,owner-14@acmecorp.com
AID-00496,Code Generation-267,code_generation,2026-03-13 00:00:00,Active,owner-15@acmecorp.com
AID-00497,Customer Support-935,customer_support,2026-03-03 00:00:00,Active,owner-16@acmecorp.com
AID-00498,Hr Onboarding-245,hr_onboarding,2026-02-04 00:00:00,Active,owner-17@acmecorp.com
AID-00499,Customer Support-458,customer_support,2026-02-05 00:00:00,Active,owner-18@acmecorp.com
AID-00500,Trading Strategy-528,trading_strategy,2026-02-12 00:00:00,Active,owner-19@acmecorp.com
